{
  "$schema": "http://json-schema.org/draft-07/schema#",
  "title": "JET Action Plan Schema",
  "description": "Schema for capturing learner action plans from the JET 101 course",
  "type": "object",
  "properties": {
    "learner_info": {
      "type": "object",
      "properties": {
        "user_id": {
          "type": "string",
          "description": "Unique identifier for the learner"
        },
        "name": {
          "type": "string",
          "description": "Learner's full name"
        },
        "email": {
          "type": "string",
          "format": "email",
          "description": "Learner's email address"
        },
        "country": {
          "type": "string",
          "description": "Learner's country of residence"
        },
        "completion_date": {
          "type": "string",
          "format": "date-time",
          "description": "When the action plan was created"
        }
      },
      "required": ["user_id", "completion_date"]
    },
    "career_assessment": {
      "type": "object",
      "properties": {
        "career_focus": {
          "type": "string",
          "enum": ["technical", "business", "policy", "research", "entrepreneurship"],
          "description": "Primary career area of interest"
        },
        "current_role": {
          "type": "string",
          "description": "Learner's current job or status"
        },
        "experience_level": {
          "type": "string",
          "enum": ["entry", "junior", "mid", "senior", "executive"],
          "description": "Current experience level in relevant field"
        },
        "skills_assessment": {
          "type": "object",
          "properties": {
            "technical_skills": {
              "type": "integer",
              "minimum": 1,
              "maximum": 5,
              "description": "Self-assessed technical skills level (1-5)"
            },
            "communication_skills": {
              "type": "integer",
              "minimum": 1,
              "maximum": 5,
              "description": "Self-assessed communication skills level (1-5)"
            },
            "digital_skills": {
              "type": "integer",
              "minimum": 1,
              "maximum": 5,
              "description": "Self-assessed digital skills level (1-5)"
            },
            "leadership_skills": {
              "type": "integer",
              "minimum": 1,
              "maximum": 5,
              "description": "Self-assessed leadership skills level (1-5)"
            }
          },
          "required": ["technical_skills", "communication_skills", "digital_skills"]
        }
      },
      "required": ["career_focus", "skills_assessment"]
    },
    "learning_goals": {
      "type": "object",
      "properties": {
        "short_term_goals": {
          "type": "array",
          "items": {
            "type": "string"
          },
          "minItems": 1,
          "maxItems": 5,
          "description": "Goals for the next 6 months"
        },
        "medium_term_goals": {
          "type": "array",
          "items": {
            "type": "string"
          },
          "minItems": 1,
          "maxItems": 5,
          "description": "Goals for the next 1-2 years"
        },
        "long_term_vision": {
          "type": "string",
          "description": "Long-term career vision (5+ years)"
        },
        "preferred_learning_methods": {
          "type": "array",
          "items": {
            "type": "string",
            "enum": ["online_courses", "workshops", "mentoring", "hands_on_projects", "certifications", "degree_programs", "conferences", "networking"]
          },
          "description": "Preferred ways to continue learning"
        }
      },
      "required": ["short_term_goals"]
    },
    "action_steps": {
      "type": "object",
      "properties": {
        "immediate_actions": {
          "type": "array",
          "items": {
            "type": "object",
            "properties": {
              "action": {
                "type": "string",
                "description": "Specific action to take"
              },
              "timeline": {
                "type": "string",
                "description": "When to complete this action"
              },
              "resources_needed": {
                "type": "array",
                "items": {
                  "type": "string"
                },
                "description": "Resources required for this action"
              },
              "success_criteria": {
                "type": "string",
                "description": "How to measure success"
              }
            },
            "required": ["action", "timeline"]
          },
          "minItems": 1,
          "description": "Actions to take in the next 1-3 months"
        },
        "skill_development_plan": {
          "type": "array",
          "items": {
            "type": "object",
            "properties": {
              "skill": {
                "type": "string",
                "description": "Skill to develop"
              },
              "current_level": {
                "type": "integer",
                "minimum": 1,
                "maximum": 5
              },
              "target_level": {
                "type": "integer",
                "minimum": 1,
                "maximum": 5
              },
              "development_method": {
                "type": "string",
                "description": "How to develop this skill"
              },
              "timeline": {
                "type": "string",
                "description": "Timeline for skill development"
              }
            },
            "required": ["skill", "current_level", "target_level", "development_method"]
          },
          "description": "Specific skills to develop"
        },
        "networking_plan": {
          "type": "object",
          "properties": {
            "target_organizations": {
              "type": "array",
              "items": {
                "type": "string"
              },
              "description": "Organizations to connect with"
            },
            "events_to_attend": {
              "type": "array",
              "items": {
                "type": "string"
              },
              "description": "Conferences, workshops, or events to attend"
            },
            "online_communities": {
              "type": "array",
              "items": {
                "type": "string"
              },
              "description": "Online communities or platforms to join"
            }
          }
        }
      },
      "required": ["immediate_actions"]
    },
    "jet_application": {
      "type": "object",
      "properties": {
        "local_context": {
          "type": "object",
          "properties": {
            "community_challenges": {
              "type": "array",
              "items": {
                "type": "string"
              },
              "description": "Energy/environmental challenges in learner's community"
            },
            "opportunities_identified": {
              "type": "array",
              "items": {
                "type": "string"
              },
              "description": "Opportunities for JET application locally"
            },
            "potential_partnerships": {
              "type": "array",
              "items": {
                "type": "string"
              },
              "description": "Organizations or groups to partner with"
            }
          }
        },
        "five_pillars_application": {
          "type": "object",
          "properties": {
            "equitable_access": {
              "type": "string",
              "description": "How to apply equitable access principles locally"
            },
            "environmental_justice": {
              "type": "string",
              "description": "How to apply environmental justice principles locally"
            },
            "job_creation": {
              "type": "string",
              "description": "How to apply job creation principles locally"
            },
            "reducing_inequalities": {
              "type": "string",
              "description": "How to apply inequality reduction principles locally"
            },
            "community_involvement": {
              "type": "string",
              "description": "How to apply community involvement principles locally"
            }
          }
        },
        "project_ideas": {
          "type": "array",
          "items": {
            "type": "object",
            "properties": {
              "project_name": {
                "type": "string"
              },
              "description": {
                "type": "string"
              },
              "target_beneficiaries": {
                "type": "string"
              },
              "estimated_timeline": {
                "type": "string"
              },
              "resource_requirements": {
                "type": "array",
                "items": {
                  "type": "string"
                }
              },
              "jet_pillars_addressed": {
                "type": "array",
                "items": {
                  "type": "string",
                  "enum": ["equitable_access", "environmental_justice", "job_creation", "reducing_inequalities", "community_involvement"]
                }
              }
            },
            "required": ["project_name", "description", "jet_pillars_addressed"]
          },
          "description": "Specific project ideas to implement JET principles"
        }
      }
    },
    "reflection": {
      "type": "object",
      "properties": {
        "key_insights": {
          "type": "array",
          "items": {
            "type": "string"
          },
          "description": "Key insights gained from the course"
        },
        "mindset_changes": {
          "type": "array",
          "items": {
            "type": "string"
          },
          "description": "How thinking about energy has changed"
        },
        "motivation_statement": {
          "type": "string",
          "description": "Personal statement of motivation for JET involvement"
        },
        "biggest_challenges_anticipated": {
          "type": "array",
          "items": {
            "type": "string"
          },
          "description": "Challenges expected in pursuing JET goals"
        },
        "support_needed": {
          "type": "array",
          "items": {
            "type": "string"
          },
          "description": "Types of support needed to achieve goals"
        }
      }
    },
    "tracking_metrics": {
      "type": "object",
      "properties": {
        "success_indicators": {
          "type": "array",
          "items": {
            "type": "object",
            "properties": {
              "metric": {
                "type": "string"
              },
              "baseline": {
                "type": "string"
              },
              "target": {
                "type": "string"
              },
              "measurement_method": {
                "type": "string"
              },
              "review_frequency": {
                "type": "string",
                "enum": ["weekly", "monthly", "quarterly", "biannually", "annually"]
              }
            },
            "required": ["metric", "target", "review_frequency"]
          },
          "description": "Measurable indicators of progress"
        },
        "milestone_dates": {
          "type": "array",
          "items": {
            "type": "object",
            "properties": {
              "milestone": {
                "type": "string"
              },
              "target_date": {
                "type": "string",
                "format": "date"
              },
              "completion_criteria": {
                "type": "string"
              }
            },
            "required": ["milestone", "target_date"]
          },
          "description": "Key milestones and target dates"
        }
      }
    },
    "course_feedback": {
      "type": "object",
      "properties": {
        "overall_rating": {
          "type": "integer",
          "minimum": 1,
          "maximum": 5,
          "description": "Overall course rating (1-5 stars)"
        },
        "most_valuable_module": {
          "type": "string",
          "enum": ["m1", "m2", "m3", "m4", "m5"],
          "description": "Which module was most valuable"
        },
        "improvement_suggestions": {
          "type": "array",
          "items": {
            "type": "string"
          },
          "description": "Suggestions for course improvement"
        },
        "additional_topics_desired": {
          "type": "array",
          "items": {
            "type": "string"
          },
          "description": "Additional topics learner wants to see covered"
        },
        "would_recommend": {
          "type": "boolean",
          "description": "Would recommend course to others"
        },
        "recommendation_reason": {
          "type": "string",
          "description": "Why would or wouldn't recommend"
        }
      }
    }
  },
  "required": ["learner_info", "career_assessment", "learning_goals", "action_steps"],
  "additionalProperties": false
}