{
  "module": "m1",
  "title": "Module 1: Introduction to Just Energy Transition",
  "description": "Test your understanding of JET fundamentals and African energy context",
  "total_questions": 5,
  "pass_threshold": 70,
  "questions": [
    {
      "id": "m1_q1",
      "type": "multiple-choice",
      "question": "What does JET stand for?",
      "options": [
        "Just Energy Technology",
        "Just Energy Transition",
        "Joint Energy Trading", 
        "Justified Energy Transfer"
      ],
      "correct": 1,
      "explanation": "JET stands for Just Energy Transition, emphasizing fairness and equity in the shift to clean energy.",
      "points": 2
    },
    {
      "id": "m1_q2", 
      "type": "multiple-choice",
      "question": "Which principle is NOT a core component of JET?",
      "options": [
        "Equity",
        "Participation", 
        "Profitability",
        "Justice"
      ],
      "correct": 2,
      "explanation": "While economic viability matters, profitability alone is not a core JET principle. JET focuses on equity, participation, justice, and sustainability.",
      "points": 2
    },
    {
      "id": "m1_q3",
      "type": "true-false", 
      "question": "Africa has limited renewable energy resources.",
      "correct": false,
      "explanation": "Africa has abundant renewable energy resources including solar, wind, hydro, and geothermal potential.",
      "points": 2
    },
    {
      "id": "m1_q4",
      "type": "multiple-choice",
      "question": "Approximately how many people in Africa lack access to electricity?",
      "options": [
        "200 million",
        "400 million", 
        "600 million",
        "800 million"
      ],
      "correct": 2,
      "explanation": "Over 600 million Africans lack access to electricity, representing a major development challenge.",
      "points": 2
    },
    {
      "id": "m1_q5",
      "type": "multiple-choice", 
      "question": "What does JET offer Africa the opportunity to do?",
      "options": [
        "Increase fossil fuel dependency",
        "Leapfrog to clean energy technologies",
        "Reduce energy access",
        "Maintain current energy systems"
      ],
      "correct": 1,
      "explanation": "JET offers Africa the opportunity to leapfrog to clean energy technologies, create green jobs, and achieve energy independence.",
      "points": 2
    }
  ],
  "learning_objectives": [
    "Define what Just Energy Transition (JET) means",
    "Understand the historical context of energy in Africa", 
    "Identify key principles of JET",
    "Recognize the importance of social justice in energy policy"
  ]
}