{
  "module": "m2", 
  "title": "Module 2: The Five Pillars of Just Energy Transition",
  "description": "Test your knowledge of the five pillars framework and their interconnections",
  "total_questions": 5,
  "pass_threshold": 70,
  "questions": [
    {
      "id": "m2_q1",
      "type": "multiple-choice",
      "question": "How many pillars form the JET framework?",
      "options": [
        "Three",
        "Four", 
        "Five",
        "Six"
      ],
      "correct": 2,
      "explanation": "The JET framework consists of five pillars: Equitable Access, Environmental Justice, Job Creation & Workforce Transition, Reducing Inequalities, and Community Involvement.",
      "points": 2
    },
    {
      "id": "m2_q2",
      "type": "multiple-choice", 
      "question": "Which pillar focuses on protecting communities from environmental harm?",
      "options": [
        "Equitable Access",
        "Environmental Justice",
        "Job Creation", 
        "Community Involvement"
      ],
      "correct": 1,
      "explanation": "Environmental Justice focuses on protecting communities from environmental harm while promoting clean energy development.",
      "points": 2
    },
    {
      "id": "m2_q3",
      "type": "true-false",
      "question": "The five pillars operate independently without interconnection.",
      "correct": false, 
      "explanation": "The five pillars are deeply interconnected and work together to ensure a comprehensive approach to just energy transition.",
      "points": 2
    },
    {
      "id": "m2_q4",
      "type": "multiple-choice",
      "question": "Which pillar addresses gender equality in energy access?",
      "options": [
        "Environmental Justice",
        "Job Creation",
        "Reducing Inequalities", 
        "Equitable Access"
      ],
      "correct": 2,
      "explanation": "Reducing Inequalities specifically addresses gender equality, rural-urban equity, and intergenerational justice.",
      "points": 2
    },
    {
      "id": "m2_q5",
      "type": "multiple-choice",
      "question": "What does 'Community Involvement' pillar emphasize?",
      "options": [
        "Government-led decision making",
        "Corporate responsibility",
        "Meaningful participation in energy decisions",
        "Technical expertise only"
      ],
      "correct": 2,
      "explanation": "Community Involvement ensures meaningful participation of communities in energy decisions, including indigenous knowledge and local ownership.",
      "points": 2
    }
  ],
  "learning_objectives": [
    "Understand the five pillars of JET framework",
    "Analyze how each pillar applies to African contexts", 
    "Identify interconnections between pillars",
    "Apply pillar concepts to real-world scenarios"
  ]
}