{
  "module": "m3",
  "title": "Module 3: South Africa's Energy Context & REIPPPP", 
  "description": "Test your understanding of REIPPPP program and policy frameworks",
  "total_questions": 5,
  "pass_threshold": 70,
  "questions": [
    {
      "id": "m3_q1",
      "type": "multiple-choice",
      "question": "When was South Africa's REIPPPP launched?",
      "options": [
        "2009",
        "2010",
        "2011", 
        "2012"
      ],
      "correct": 2,
      "explanation": "REIPPPP was launched in 2011 as South Africa's flagship renewable energy procurement program.",
      "points": 2
    },
    {
      "id": "m3_q2",
      "type": "multiple-choice",
      "question": "What was a key success of REIPPPP?", 
      "options": [
        "Increased coal dependency",
        "Dramatic cost reductions for renewables",
        "Eliminated all energy poverty",
        "Stopped all coal mining"
      ],
      "correct": 1,
      "explanation": "REIPPPP achieved dramatic cost reductions for renewable energy, with solar costs declining by over 70%.",
      "points": 2
    },
    {
      "id": "m3_q3",
      "type": "true-false",
      "question": "REIPPPP only focused on large-scale solar projects.",
      "correct": false,
      "explanation": "REIPPPP included diverse technologies: wind, solar PV, concentrated solar power, and biomass projects.",
      "points": 2
    },
    {
      "id": "m3_q4", 
      "type": "multiple-choice",
      "question": "How much investment did REIPPPP attract across all bid windows?",
      "options": [
        "R50 billion",
        "R100 billion",
        "R150 billion",
        "R194 billion"
      ],
      "correct": 3,
      "explanation": "REIPPPP attracted R194 billion in investment across all bid windows, demonstrating significant private sector confidence.",
      "points": 2
    },
    {
      "id": "m3_q5",
      "type": "multiple-choice",
      "question": "What percentage of South Africa's historical electricity generation came from coal?",
      "options": [
        "60%",
        "70%",
        "80%+", 
        "90%+"
      ],
      "correct": 2,
      "explanation": "South Africa historically relied on coal for over 80% of its electricity generation, making it one of the world's largest per capita emitters.",
      "points": 2
    }
  ],
  "learning_objectives": [
    "Understand South Africa's energy landscape and challenges",
    "Analyze the REIPPPP program structure and impacts",
    "Evaluate policy frameworks supporting JET", 
    "Assess lessons for other African countries"
  ]
}