{
  "module": "m4",
  "title": "Module 4: Energy Value Chains & Stakeholders",
  "description": "Test your knowledge of energy value chains, stakeholders, and PPAs",
  "total_questions": 5, 
  "pass_threshold": 70,
  "questions": [
    {
      "id": "m4_q1",
      "type": "multiple-choice",
      "question": "What is a major difference between coal and renewable energy value chains?",
      "options": [
        "Coal creates more jobs",
        "Renewables have higher upfront costs but lower operating costs",
        "Coal is more environmentally friendly",
        "Renewables require more water"
      ],
      "correct": 1,
      "explanation": "Renewable energy typically has higher upfront capital costs but much lower operating and fuel costs compared to coal.",
      "points": 2
    },
    {
      "id": "m4_q2",
      "type": "multiple-choice",
      "question": "What does PPA stand for?",
      "options": [
        "Power Production Agreement", 
        "Public Private Alliance",
        "Power Purchase Agreement",
        "Primary Power Allocation"
      ],
      "correct": 2,
      "explanation": "PPA stands for Power Purchase Agreement, a contract between electricity generators and purchasers.",
      "points": 2
    },
    {
      "id": "m4_q3",
      "type": "true-false",
      "question": "Renewable energy projects typically require minimal stakeholder engagement.",
      "correct": false,
      "explanation": "Renewable energy projects require extensive stakeholder engagement to ensure community support and address local concerns.",
      "points": 2
    },
    {
      "id": "m4_q4",
      "type": "multiple-choice", 
      "question": "Which stakeholder group includes Independent Power Producers?",
      "options": [
        "Government",
        "Private Sector", 
        "Civil Society",
        "International"
      ],
      "correct": 1,
      "explanation": "Independent Power Producers (IPPs) are part of the private sector stakeholder group along with equipment manufacturers and financial institutions.",
      "points": 2
    },
    {
      "id": "m4_q5",
      "type": "multiple-choice",
      "question": "What is typically the contract duration for PPAs in renewable energy projects?",
      "options": [
        "5-10 years",
        "10-15 years",
        "15-25 years",
        "25-30 years"
      ],
      "correct": 2,
      "explanation": "PPAs for renewable energy projects typically have 15-25 year terms to provide revenue certainty for investors and lenders.",
      "points": 2
    }
  ],
  "learning_objectives": [
    "Compare coal vs renewable energy value chains",
    "Identify key stakeholders in energy transitions", 
    "Understand Power Purchase Agreements (PPAs)",
    "Analyze environmental and social impacts"
  ]
}