{
  "module": "m5",
  "title": "Module 5: Career Opportunities & Action Planning",
  "description": "Test your knowledge of green careers and skills for the renewable energy sector",
  "total_questions": 5,
  "pass_threshold": 70,
  "questions": [
    {
      "id": "m5_q1", 
      "type": "multiple-choice",
      "question": "Which skill category is increasingly important for green jobs?",
      "options": [
        "Only technical skills",
        "Only business skills",
        "A combination of technical, soft, and digital skills",
        "Only traditional energy skills"
      ],
      "correct": 2,
      "explanation": "Green jobs require a combination of technical skills, soft skills (like communication), and digital skills for the modern energy sector.",
      "points": 2
    },
    {
      "id": "m5_q2",
      "type": "multiple-choice",
      "question": "Which role focuses on facilitating community participation in energy projects?",
      "options": [
        "Energy Engineer", 
        "Community Engagement Officer",
        "Grid Integration Specialist", 
        "Financial Analyst"
      ],
      "correct": 1,
      "explanation": "Community Engagement Officers specialize in facilitating meaningful community participation in energy projects.",
      "points": 2
    },
    {
      "id": "m5_q3",
      "type": "true-false",
      "question": "Green jobs are only available in developed countries.",
      "correct": false,
      "explanation": "Green jobs are rapidly growing in developing countries, especially in Africa, as renewable energy deployment accelerates.",
      "points": 2
    },
    {
      "id": "m5_q4",
      "type": "multiple-choice",
      "question": "What is a typical salary range for a Solar PV Technician?",
      "options": [
        "$15,000 - $25,000",
        "$25,000 - $45,000",
        "$45,000 - $65,000", 
        "$65,000 - $85,000"
      ],
      "correct": 1,
      "explanation": "Solar PV Technicians typically earn $25,000 - $45,000, representing good opportunities for technical careers in renewable energy.",
      "points": 2
    },
    {
      "id": "m5_q5",
      "type": "multiple-choice",
      "question": "Which pathway is recommended for building a foundation for green careers?",
      "options": [
        "Skip education and start working immediately",
        "Focus only on traditional energy experience",
        "Complete relevant education and certifications",
        "Avoid technical training"
      ],
      "correct": 2,
      "explanation": "Building a foundation through relevant education, professional certifications, and online courses is essential for green career success.",
      "points": 2
    }
  ],
  "learning_objectives": [
    "Identify career opportunities in renewable energy sector",
    "Understand skills requirements for green jobs",
    "Develop personal action plan for JET involvement",
    "Connect learning to real-world applications"
  ]
}